{
  "project_info": {
    "project_number": "63518066487",
    "firebase_url": "https://ssband-209107.firebaseio.com",
    "project_id": "ssband-209107",
    "storage_bucket": "ssband-209107.appspot.com"
  },
  "client": [
    {
      "client_info": {
        "mobilesdk_app_id": "1:63518066487:android:49906873d7d6a037",
        "android_client_info": {
          "package_name": "com.example.sj203.study"
        }
      },
      "oauth_client": [
        {
          "client_id": "63518066487-1td4c40bnilvdidhofgae5f482cccdlp.apps.googleusercontent.com",
          "client_type": 3
        }
      ],
      "api_key": [
        {
          "current_key": "AIzaSyCAg18DsddrUX97IFMVKXOn8ttrDYh1E7U"
        }
      ],
      "services": {
        "analytics_service": {
          "status": 1
        },
        "appinvite_service": {
          "status": 1,
          "other_platform_oauth_client": []
        },
        "ads_service": {
          "status": 2
        }
      }
    }
  ],
  "configuration_version": "1"
}